shop,listing_id,title,url,image_1
StitchBloomGarden,4444108064,"Black Cat Reading Cross Stitch Pattern | Reading PDF Embroidery | Instant Download",https://www.etsy.com/listing/4444108064,https://i.etsystatic.com/54635272/r/il/acd71d/8612706398/il_fullxfull.8612706398_4bwj.jpg
StitchBloomGarden,4492662913,"Peeking Geese Cross Stitch Pattern, Funny Goose Needlepoint, Instant Download",https://www.etsy.com/listing/4492662913,https://i.etsystatic.com/54635272/r/il/2476d1/7938633380/il_fullxfull.7938633380_ohx6.jpg
StitchBloomGarden,4510600528,"Are You Pooping Cross Stitch Pattern, Funny Goose Needlepoint, Bathroom Humor Decor, Instant Download",https://www.etsy.com/listing/4510600528,https://i.etsystatic.com/54635272/r/il/025ac3/8056135060/il_fullxfull.8056135060_tv6f.jpg
StitchBloomGarden,4520599236,"Christian Cross Stitch Pattern, Faith Heartbeat Cross, Religious Needlepoint, Instant Download",https://www.etsy.com/listing/4520599236,https://i.etsystatic.com/54635272/r/il/23eea5/8175032311/il_fullxfull.8175032311_nb60.jpg
StitchBloomGarden,4494811836,"Panic at the Desk-O Cat Cross Stitch Pattern | Funny Office Needlepoint | Sarcastic Humor Embroidery | Instant Download",https://www.etsy.com/listing/4494811836,https://i.etsystatic.com/54635272/r/il/5501f6/7953146624/il_fullxfull.7953146624_bmzn.jpg
StitchBloomGarden,4579004984,"Red Truck Christmas Tree Cross Stitch Pattern, Merry Christmas Classic Vintage Truck Needlepoint, Instant Download",https://www.etsy.com/listing/4579004984,https://i.etsystatic.com/54635272/r/il/897bbe/8551210252/il_fullxfull.8551210252_bzih.jpg
StitchBloomGarden,4509405899,"Work Cross Stitch Pattern, Okay I’m Here Where’s The Work Needlepoint, Funny Raccoon Office Stitch, Instant Download",https://www.etsy.com/listing/4509405899,https://i.etsystatic.com/54635272/r/il/c60f16/8110662953/il_fullxfull.8110662953_m0qd.jpg
StitchBloomGarden,4501392792,"Funny Pigeon Cross Stitch Pattern, Bird Embroidery, Whimsical Pigeons Needlepoint, Instant Download",https://www.etsy.com/listing/4501392792,https://i.etsystatic.com/54635272/r/il/95f331/7996579762/il_fullxfull.7996579762_2wlc.jpg
StitchBloomGarden,4549120484,"Cozy Autumn Cross Stitch Pattern PDF | Fall Mini Icons Sampler Pumpkin Pie Acorn Needlepoint Chart, Instant Download",https://www.etsy.com/listing/4549120484,https://i.etsystatic.com/54635272/r/il/54819c/8381679673/il_fullxfull.8381679673_8zsl.jpg
StitchBloomGarden,4589475964,"Houseplant Cross Stitch Pattern PDF, Hexagon Plant Shelf, Botanical Xstitch, Boho Plant Cross Stitch, Instant Download",https://www.etsy.com/listing/4589475964,https://i.etsystatic.com/54635272/r/il/c9d7e0/8630811958/il_fullxfull.8630811958_1flq.jpg
StitchBloomGarden,4553655771,"Funny Orange Hugging Grey Cat Cross Stitch Pattern, Funny Cat Duo Cuddle Needlepoint Chart, Instant Download PDF",https://www.etsy.com/listing/4553655771,https://i.etsystatic.com/54635272/r/il/f460bf/8414341181/il_fullxfull.8414341181_lqvn.jpg
StitchBloomGarden,4542414383,"Black Cat Book Cross Stitch Pattern, Sorry I'm Booked Quote Chart (Instant Download)",https://www.etsy.com/listing/4542414383,https://i.etsystatic.com/54635272/r/il/8cd769/8334124317/il_fullxfull.8334124317_bvwo.jpg
StitchBloomGarden,4486529736,"Hang In There Cross Stitch Pattern | Funny Black Cat Pattern | Instant Download PDF",https://www.etsy.com/listing/4486529736,https://i.etsystatic.com/54635272/r/il/8d5176/8238446329/il_fullxfull.8238446329_a405.jpg
StitchBloomGarden,4531381884,"Raven Cross Stitch Pattern, Gothic Coffee Lover Decor (PDF Download)",https://www.etsy.com/listing/4531381884,https://i.etsystatic.com/54635272/r/il/bb97e3/8251039493/il_fullxfull.8251039493_sd9g.jpg
StitchBloomGarden,4521146730,"Please Don’t Summon Demons In The Bathroom, Gothic Cross Stitch Pattern, Instant Download",https://www.etsy.com/listing/4521146730,https://i.etsystatic.com/54635272/r/il/9e8e26/8130906200/il_fullxfull.8130906200_i2w7.jpg
StitchBloomGarden,4452332621,"Mini Landscape Cross Stitch Pattern, Nature Needlepoint, Digital Download",https://www.etsy.com/listing/4452332621,https://i.etsystatic.com/54635272/r/il/383a65/8450933005/il_fullxfull.8450933005_pyhm.jpg
StitchBloomGarden,4430523552,"First of All I'm A Delight Cross Stitch Pattern, Funny Sassy Raccoon Embroidery, Instant Download",https://www.etsy.com/listing/4430523552,https://i.etsystatic.com/54635272/r/il/8f370e/7910064884/il_fullxfull.7910064884_odxp.jpg
StitchBloomGarden,4559376090,"Sarcastic Black Cat Cross Stitch Bundle, Sassy Memes (PDF Pattern)",https://www.etsy.com/listing/4559376090,https://i.etsystatic.com/54635272/r/il/f3a326/8455726751/il_fullxfull.8455726751_sa9a.jpg
StitchBloomGarden,4486300279,"Black Cat Cross Stitch Pattern, Existential Philosophy Cross Stitch, Quote Needlepoint (Instant Download)",https://www.etsy.com/listing/4486300279,https://i.etsystatic.com/54635272/r/il/ea530b/8512609057/il_fullxfull.8512609057_c3y7.jpg
StitchBloomGarden,4531398514,"The Lord is My Shepherd Cross Stitch Pattern, Christian Needlework, Religious Needlepoint, Instant Download",https://www.etsy.com/listing/4531398514,https://i.etsystatic.com/54635272/r/il/b5c3f8/8203252462/il_fullxfull.8203252462_1hn1.jpg
StitchBloomGarden,4575587668,"Wish I Lacked Critical Thinking Skills Cross Stitch Pattern Digital, Funny Frog Coffee Needlepoint Chart, Sarcastic Office Download PDF",https://www.etsy.com/listing/4575587668,https://i.etsystatic.com/54635272/r/il/5bb4cb/8573505297/il_fullxfull.8573505297_h89r.jpg
StitchBloomGarden,4580268639,"Raccoon Cross Stitch Pattern, Vintage Flower Embroidery, Instant Download",https://www.etsy.com/listing/4580268639,https://i.etsystatic.com/54635272/r/il/c45143/8560737200/il_fullxfull.8560737200_qnw4.jpg
StitchBloomGarden,4589063429,"Deer Cross Stitch Pattern PDF, Winter Forest Xstitch, Stag Pine Trees, Woodland Xstitch, Holly Christmas Xstitch",https://www.etsy.com/listing/4589063429,https://i.etsystatic.com/54635272/r/il/33fd05/8627756298/il_fullxfull.8627756298_2ny0.jpg
StitchBloomGarden,4440273400,"Together Until We Croak Cross Stitch Pattern | Funny Anniversary Gift (Instant Download)",https://www.etsy.com/listing/4440273400,https://i.etsystatic.com/54635272/r/il/870953/8433543394/il_fullxfull.8433543394_2iir.jpg
StitchBloomGarden,4488842677,"Coffee Diver Cross Stitch Pattern, Instant Download PDF",https://www.etsy.com/listing/4488842677,https://i.etsystatic.com/54635272/r/il/ae987a/8415153421/il_fullxfull.8415153421_dkgi.jpg
StitchBloomGarden,4547815481,"Geometric Ocean Sunset Cross Stitch Pattern | Coastal Seascape Needlepoint Chart (PDF Download)",https://www.etsy.com/listing/4547815481,https://i.etsystatic.com/54635272/r/il/76fcd4/8372322411/il_fullxfull.8372322411_fai3.jpg
StitchBloomGarden,4564890837,"Halloween Cats Costume Cross Stitch Pattern, Ghost Vampire Pumpkin Mummy Skeleton Zombie Kitty Needlepoint Chart, Instant Download",https://www.etsy.com/listing/4564890837,https://i.etsystatic.com/54635272/r/il/d91685/8448430338/il_fullxfull.8448430338_7e6l.jpg
StitchBloomGarden,4555168362,"Cozy Ghost Coffee Window Cross Stitch Pattern, Halloween Needlepoint Chart, Spooky Stitching, Instant Download",https://www.etsy.com/listing/4555168362,https://i.etsystatic.com/54635272/r/il/2b7c97/8377222208/il_fullxfull.8377222208_pkbr.jpg
StitchBloomGarden,4509002113,"Black Cat Cross Stitch Bookmark Pattern, Cozy Sleeping Kitty Bookmark, Cute Reader Gift, Instant Download",https://www.etsy.com/listing/4509002113,https://i.etsystatic.com/54635272/r/il/4751b0/8092568445/il_fullxfull.8092568445_35qm.jpg
StitchBloomGarden,4508320548,"Gothic Cross Stitch Bookmark Pattern, Here Lies The Last Page I Read, Funny Halloween Bookmark, Instant Download",https://www.etsy.com/listing/4508320548,https://i.etsystatic.com/54635272/r/il/dc312c/8088056359/il_fullxfull.8088056359_65sv.jpg
StitchBloomGarden,4584223640,"Coffee Cross Stitch Pattern PDF, My Power Up Quote, Funny Gamer Coffee Lover Kitchen Needlepoint, Instant Download",https://www.etsy.com/listing/4584223640,https://i.etsystatic.com/54635272/r/il/1c3219/8590561782/il_fullxfull.8590561782_mn7i.jpg
StitchBloomGarden,4556707257,"Slow Burn Matchbox Bookmark Cross Stitch Pattern, Romance Reader Needlepoint Chart (PDF Download)",https://www.etsy.com/listing/4556707257,https://i.etsystatic.com/54635272/r/il/578bad/8388583078/il_fullxfull.8388583078_qieo.jpg
StitchBloomGarden,4459900511,"Funny Affirmation Cross Stitch Pattern | Pickle Needlepoint | Instant Download PDF",https://www.etsy.com/listing/4459900511,https://i.etsystatic.com/54635272/r/il/7fd37c/8414976246/il_fullxfull.8414976246_bgcb.jpg
StitchBloomGarden,4507208940,"Mini Mountain Landscape Cross Stitch Pattern, Forest Needlepoint Chart, PDF Digital Download",https://www.etsy.com/listing/4507208940,https://i.etsystatic.com/54635272/r/il/125073/8035416246/il_fullxfull.8035416246_6v9p.jpg
StitchBloomGarden,4544984469,"Funny Black Cat Peeking Cross Stitch Pattern, Sassy Cat Judgemental Needlepoint Chart (Instant Download)",https://www.etsy.com/listing/4544984469,https://i.etsystatic.com/54635272/r/il/3931f8/8304515098/il_fullxfull.8304515098_55hq.jpg
StitchBloomGarden,4501019924,"Custom Song Lyrics Cross Stitch Pattern, Personalized Music Player Embroidery, Instant Download",https://www.etsy.com/listing/4501019924,https://i.etsystatic.com/54635272/r/il/59045e/8274183181/il_fullxfull.8274183181_hu7v.jpg
StitchBloomGarden,4452769478,"Calm Mountains Cross Stitch Pattern | Modern Nature Art | PDF Digital Download",https://www.etsy.com/listing/4452769478,https://i.etsystatic.com/7677566870/r/il/33e2df/7677566870/il_fullxfull.7677566870_t89c.jpg
StitchBloomGarden,4530390180,"Get In Loser We're Doing God's Will Cross Stitch Pattern, Funny Christian Cross Stitch, Religious Needlepoint, Instant Download",https://www.etsy.com/listing/4530390180,https://i.etsystatic.com/54635272/r/il/322ff7/8196044308/il_fullxfull.8196044308_2xof.jpg
StitchBloomGarden,4515017919,"I Hope This Email Finds You Before I Do Cross Stitch Pattern, Office Needlepoint, Work Stitching, Instant Download",https://www.etsy.com/listing/4515017919,https://i.etsystatic.com/54635272/r/il/95f229/8087845916/il_fullxfull.8087845916_7q8b.jpg
StitchBloomGarden,4523272912,"Shit Show Ticket Cross Stitch Pattern, Snarky Subversive Needlepoint, Instant Download",https://www.etsy.com/listing/4523272912,https://i.etsystatic.com/54635272/r/il/fc668a/8146121664/il_fullxfull.8146121664_dmzq.jpg
StitchBloomGarden,4493820705,"Diet Coke Cross Stitch Pattern, Floral Cola Embroidery, Funny Kitchen Decor, Instant Download",https://www.etsy.com/listing/4493820705,https://i.etsystatic.com/54635272/r/il/4af760/7946392370/il_fullxfull.7946392370_r6t9.jpg
StitchBloomGarden,4587804432,"Unicorn Cross Stitch Pattern PDF, Almost Magical Quote, Horse Cross Stitch, Sarcastic Xstitch, Snarky Gift Idea",https://www.etsy.com/listing/4587804432,https://i.etsystatic.com/54635272/r/il/2a3f68/8665674641/il_fullxfull.8665674641_n5dw.jpg
StitchBloomGarden,4560016475,"Ghosts Campfire Cross Stitch Pattern, Rozing Marshmallows Autumn Night Needlepoint Chart, Spooky Season Cozy Fall Craft Digital Download",https://www.etsy.com/listing/4560016475,https://i.etsystatic.com/54635272/r/il/c5e80a/8605319744/il_fullxfull.8605319744_8xas.jpg
StitchBloomGarden,4541798742,"Black Cat Knife Cross Stitch Pattern, Funny Dark Cat Embroidery Chart (PDF Download)",https://www.etsy.com/listing/4541798742,https://i.etsystatic.com/54635272/r/il/e38b1b/8329567507/il_fullxfull.8329567507_lyk8.jpg
StitchBloomGarden,4476840845,"Funny Black Cat Cross Stitch Pattern, Knife Cat Embroidery Design (Instant Download)",https://www.etsy.com/listing/4476840845,https://i.etsystatic.com/54635272/r/il/850d8c/8475929162/il_fullxfull.8475929162_mdw6.jpg
StitchBloomGarden,4565464081,"I Will Succeed Because I Am Insane Cross Stitch Pattern, Funny Black Cat Screaming Meme Needlepoint Chart (Instant Download)",https://www.etsy.com/listing/4565464081,https://i.etsystatic.com/54635272/r/il/47f102/8500557653/il_fullxfull.8500557653_f5kg.jpg
StitchBloomGarden,4526135983,"Retro Cherry Cross Stitch Pattern, Fruit Needlepoint, PDF Digital Download",https://www.etsy.com/listing/4526135983,https://i.etsystatic.com/54635272/r/il/7b9d1b/8615776576/il_fullxfull.8615776576_3c8v.jpg
StitchBloomGarden,4522192732,"Quotes Cross Stitch Pattern | MISTAKES Hidden Message Needlepoint | Instant Download PDF",https://www.etsy.com/listing/4522192732,https://i.etsystatic.com/54635272/r/il/8a5203/8186423193/il_fullxfull.8186423193_qhuk.jpg
StitchBloomGarden,4434822975,"You'll Be My Silly Goose Forever Cross Stitch Pattern, Love Needlepoint, Instant Download",https://www.etsy.com/listing/4434822975,https://i.etsystatic.com/54635272/r/il/85bdcf/8032861827/il_fullxfull.8032861827_nm9t.jpg
StitchBloomGarden,4345870358,"God is Good Cross Stitch Pattern, Religious Needlework (PDF Download)",https://www.etsy.com/listing/4345870358,https://i.etsystatic.com/54635272/r/il/d76726/8132943459/il_fullxfull.8132943459_spdq.jpg
StitchBloomGarden,4544400923,"Peeking Ghost Cross Stitch Pattern, Halloween Needlepoint Chart, Spooky Pattern, Instant Download",https://www.etsy.com/listing/4544400923,https://i.etsystatic.com/54635272/r/il/6824e8/8348257809/il_fullxfull.8348257809_kvia.jpg
StitchBloomGarden,4534357143,"Kawaii Halloween Cats Cross Stitch Pattern, Pumpkin & Bat Kitten PDF, Gothic Needlepoint (Instant Download)",https://www.etsy.com/listing/4534357143,https://i.etsystatic.com/54635272/r/il/be4404/8225252886/il_fullxfull.8225252886_9p00.jpg
StitchBloomGarden,4477918951,"Black Cat and Ghost Cross Stitch Pattern | Spooky Needlepoint | Instant Download PDF",https://www.etsy.com/listing/4477918951,https://i.etsystatic.com/54635272/r/il/981e64/7892371373/il_fullxfull.7892371373_sv9s.jpg
StitchBloomGarden,4483347000,"Alien Cow Abduction Cross Stitch Pattern, Funny UFO Needlepoint, Instant Download",https://www.etsy.com/listing/4483347000,https://i.etsystatic.com/54635272/r/il/f5c345/7879791768/il_fullxfull.7879791768_785b.jpg
StitchBloomGarden,4435864686,"Emotional Dumpster Fire Cross Stitch Pattern | Dark Humor Embroidery (PDF Pattern)",https://www.etsy.com/listing/4435864686,https://i.etsystatic.com/54635272/r/il/848fcd/7910211836/il_fullxfull.7910211836_4ntw.jpg
StitchBloomGarden,4582877598,"Christmas Mugs Cross Stitch Pattern PDF, Hot Cocoa Sampler, Cozy Winter Kitchen Decor, Instant Digital Download",https://www.etsy.com/listing/4582877598,https://i.etsystatic.com/54635272/r/il/38a9e4/8580152196/il_fullxfull.8580152196_1nz1.jpg
StitchBloomGarden,4586389237,"Bat Cross Stitch Pattern PDF, Full Moon Gothic Bat Xstitch, Spooky Night Halloween, Digital Download",https://www.etsy.com/listing/4586389237,https://i.etsystatic.com/54635272/r/il/dd5d17/8607107136/il_fullxfull.8607107136_6axi.jpg
StitchBloomGarden,4495967594,"Cottagecore Window Cross Stitch Pattern, Vintage Flower Embroidery, Instant Download",https://www.etsy.com/listing/4495967594,https://i.etsystatic.com/54635272/r/il/7a04c4/8008480015/il_fullxfull.8008480015_caf7.jpg
StitchBloomGarden,4585476551,"Custom Color Adjustment & Text Add-on Service for Cross Stitch Pattern - Pattern Personalization - Color Swap -Custom Text Addition",https://www.etsy.com/listing/4585476551,https://i.etsystatic.com/54635272/r/il/d4b637/8647872037/il_fullxfull.8647872037_by6k.jpg
StitchBloomGarden,4448451703,"Peeking Jesus Cross Stitch Pattern | I Saw That Needlepoint (Instant Download)",https://www.etsy.com/listing/4448451703,https://i.etsystatic.com/54635272/r/il/29b655/8249064836/il_fullxfull.8249064836_tncb.jpg
StitchBloomGarden,4475353024,"Wizard Cross Stitch Pattern, Instant Download PDF",https://www.etsy.com/listing/4475353024,https://i.etsystatic.com/54635272/r/il/551773/7827387418/il_fullxfull.7827387418_1kvt.jpg
StitchBloomGarden,4528366903,"Frog Knight Cross Stitch Pattern, Huzzah Meme with Red Cape, Funny Needlepoint, Instant Download PDF",https://www.etsy.com/listing/4528366903,https://i.etsystatic.com/54635272/r/il/9cee94/8229305829/il_fullxfull.8229305829_pca2.jpg
StitchBloomGarden,4503584322,"May All Your Delulu Become Trululu Cross Stitch Pattern, Cute Frog Needlepoint, Instant Download",https://www.etsy.com/listing/4503584322,https://i.etsystatic.com/54635272/r/il/ede699/8058186451/il_fullxfull.8058186451_dx47.jpg
StitchBloomGarden,4585565526,"Horror Cross Stitch Pattern, Frankenstein, Dracula, Werewolf, Mummy (PDF Download)",https://www.etsy.com/listing/4585565526,https://i.etsystatic.com/54635272/r/il/56e8e4/8600720528/il_fullxfull.8600720528_pg5m.jpg
StitchBloomGarden,4402721299,"Funny Christmas Cross Stitch Pattern – Jingle Some Of The Way I'm Tired – Instant Digital Download",https://www.etsy.com/listing/4402721299,https://i.etsystatic.com/54635272/r/il/d22e1a/7382306334/il_fullxfull.7382306334_myh7.jpg
StitchBloomGarden,4527705669,"Vibrant Ocean Sunset Landscape Cross Stitch Pattern, Coastal Mountain Nature Needlepoint, PDF Digital Download",https://www.etsy.com/listing/4527705669,https://i.etsystatic.com/54635272/r/il/15fff8/8224367939/il_fullxfull.8224367939_nbvp.jpg
StitchBloomGarden,4495926748,"Bumblebee and Flowers Cross Stitch Pattern, Spring Garden Embroidery, Instant Download PDF",https://www.etsy.com/listing/4495926748,https://i.etsystatic.com/54635272/r/il/835aca/8008135941/il_fullxfull.8008135941_j6pi.jpg
StitchBloomGarden,4487330406,"Cats Cross Stitch Pattern | Modern Kitten Breed Sampler PDF | Instant Download",https://www.etsy.com/listing/4487330406,https://i.etsystatic.com/54635272/r/il/999884/7951735839/il_fullxfull.7951735839_jy7s.jpg
StitchBloomGarden,4578498660,"Christmas Loading Cross Stitch Pattern, Holiday Progress Bar Needlepoint Chart, Instant Download PDF",https://www.etsy.com/listing/4578498660,https://i.etsystatic.com/54635272/r/il/25babd/8595231653/il_fullxfull.8595231653_sqg9.jpg
StitchBloomGarden,4439692074,"Love You More UNO Reverse Card Cross Stitch Pattern (PDF Download)",https://www.etsy.com/listing/4439692074,https://i.etsystatic.com/54635272/r/il/9b68c1/8153890450/il_fullxfull.8153890450_9k79.jpg
StitchBloomGarden,4531854527,"John 15:5 Christian Bible Verse Cross Stitch Pattern, Produce Much Fruit Needlepoint, Instant Download",https://www.etsy.com/listing/4531854527,https://i.etsystatic.com/54635272/r/il/239139/8206694040/il_fullxfull.8206694040_tu2f.jpg
StitchBloomGarden,4433489486,"Highland Cow Cross Stitch Pattern, Farmhouse Nursery Embroidery (Instant Download)",https://www.etsy.com/listing/4433489486,https://i.etsystatic.com/54635272/r/il/f66f39/7844435582/il_fullxfull.7844435582_1n8g.jpg
StitchBloomGarden,4494341728,"Black Cat Smoking a Cigarette Cross Stitch Pattern | Vintage Retro Needlepoint | Instant Download",https://www.etsy.com/listing/4494341728,https://i.etsystatic.com/54635272/r/il/4c67d6/7997862751/il_fullxfull.7997862751_mxe0.jpg
StitchBloomGarden,4436993687,"Death Tarot Black Cat Cross Stitch Pattern | Gothic Needlepoint | Instant Download",https://www.etsy.com/listing/4436993687,https://i.etsystatic.com/54635272/r/il/6f69f9/8028577045/il_fullxfull.8028577045_pbni.jpg
StitchBloomGarden,4532582262,"Peeking Cow Cross Stitch Pattern, Funny Farm Animal Embroidery PDF, Beginner Friendly",https://www.etsy.com/listing/4532582262,https://i.etsystatic.com/54635272/r/il/18f6aa/8259951227/il_fullxfull.8259951227_ddcc.jpg
StitchBloomGarden,4494095044,"Besties in Christ Cross Stitch Pattern, Bible Embroidery, Christian Needlepoint, Instant Download",https://www.etsy.com/listing/4494095044,https://i.etsystatic.com/54635272/r/il/3a8c01/7948311972/il_fullxfull.7948311972_m0xf.jpg
StitchBloomGarden,4459457800,"You Rock Cross Stitch Pattern | Rock Embroidery PDF | Positive Quote Modern Needlepoint",https://www.etsy.com/listing/4459457800,https://i.etsystatic.com/54635272/r/il/317a7e/7892379691/il_fullxfull.7892379691_o5f2.jpg
StitchBloomGarden,4484496862,"Got Too Silly Cross Stitch Pattern, Funny Goose In Jail Embroidery, Instant Download PDF",https://www.etsy.com/listing/4484496862,https://i.etsystatic.com/54635272/r/il/05b608/7934467177/il_fullxfull.7934467177_tozz.jpg
StitchBloomGarden,4550343877,"Funny Cockatiel Cross Stitch Pattern, Sassy Sunglasses Bird Needlepoint Chart (Instant Download)",https://www.etsy.com/listing/4550343877,https://i.etsystatic.com/54635272/r/il/1afe40/8390437139/il_fullxfull.8390437139_gb53.jpg
StitchBloomGarden,4529837345,"Wizard Cat Cross Stitch Pattern, Witchy Embroidery, Magical Needlepoint, Instant Download PDF",https://www.etsy.com/listing/4529837345,https://i.etsystatic.com/54635272/r/il/75159a/8192081706/il_fullxfull.8192081706_rdgx.jpg
StitchBloomGarden,4584281363,"Gnomes Cross Stitch Pattern, Christmas Needlepoint, Instant Digital Download",https://www.etsy.com/listing/4584281363,https://i.etsystatic.com/54635272/r/il/62756c/8638889383/il_fullxfull.8638889383_7mx6.jpg
StitchBloomGarden,4408376799,"Be The Light Cross Stitch Pattern, Christmas Needlepoint Chart, Instant Download PDF",https://www.etsy.com/listing/4408376799,https://i.etsystatic.com/54635272/r/il/c0206a/7950465162/il_fullxfull.7950465162_89ar.jpg
StitchBloomGarden,4343794860,"Ichthys Fish Cross Stitch Pattern, Christian Needlepoint (PDF Download for Beginners)",https://www.etsy.com/listing/4343794860,https://i.etsystatic.com/54635272/r/il/1dd627/8088614076/il_fullxfull.8088614076_bqjv.jpg
StitchBloomGarden,4566775736,"Monarch Butterfly Cross Stitch Pattern, Orange Insect Cottagecore Needlepoint Chart, Botanical Nature Wall Decor Craft Digital Download",https://www.etsy.com/listing/4566775736,https://i.etsystatic.com/54635272/r/il/060cc6/8510338205/il_fullxfull.8510338205_jibt.jpg
StitchBloomGarden,4556350525,"Budgies Pair Cross Stitch Pattern, Bird Embroidery, Cuddling Parakeets Lovebirds Needlepoint Chart, Instant Download",https://www.etsy.com/listing/4556350525,https://i.etsystatic.com/54635272/r/il/68c8af/8386052898/il_fullxfull.8386052898_jqwg.jpg
StitchBloomGarden,4440313835,"Goose Love Cross Stitch Pattern | Romantic Geese Needlepoint (Instant Download)",https://www.etsy.com/listing/4440313835,https://i.etsystatic.com/54635272/r/il/7bec3f/8070389207/il_fullxfull.8070389207_p5ca.jpg
StitchBloomGarden,4493275525,"Coffee Cats Cross Stitch Pattern, Modern Kitchen Sampler, Needlepoint Cafe Decor, Instant Download",https://www.etsy.com/listing/4493275525,https://i.etsystatic.com/54635272/r/il/5dd3fa/7942579158/il_fullxfull.7942579158_1lc7.jpg
StitchBloomGarden,4533769771,"Honey Bee Cross Stitch Pattern, Beginner Bumblebee Needlepoint Chart (PDF Download)",https://www.etsy.com/listing/4533769771,https://i.etsystatic.com/54635272/r/il/4dd023/8269003109/il_fullxfull.8269003109_gfqt.jpg
StitchBloomGarden,4514143295,"Capybara Cross Stitch Pattern, Don’t Worry Be Capy Needlepoint, Kawaii Animal Embroidery Gift, Instant Download",https://www.etsy.com/listing/4514143295,https://i.etsystatic.com/54635272/r/il/b4d665/8645941859/il_fullxfull.8645941859_aqax.jpg
StitchBloomGarden,4557483906,"Five Coffees Later Cross Stitch Pattern, Funny Coffee Work Needlepoint, Instant Download",https://www.etsy.com/listing/4557483906,https://i.etsystatic.com/54635272/r/il/4f6f45/8442213529/il_fullxfull.8442213529_izoo.jpg
StitchBloomGarden,4553116458,"Spooky Goose On The Loose Cross Stitch Pattern PDF, Halloween Witch Goose Pumpkin Bucket Needlepoint Chart, Instant Download PDF",https://www.etsy.com/listing/4553116458,https://i.etsystatic.com/54635272/r/il/470cf9/8362531232/il_fullxfull.8362531232_qg50.jpg
StitchBloomGarden,4521644748,"Cat with Gun Cross Stitch Pattern | Cute Kitten Meme Needlepoint | Instant Download",https://www.etsy.com/listing/4521644748,https://i.etsystatic.com/54635272/r/il/652839/8182414833/il_fullxfull.8182414833_34l7.jpg
StitchBloomGarden,4523943462,"Skeleton Cross Stitch Pattern, Skull Don't Look Back Needlepoint, Instant Download",https://www.etsy.com/listing/4523943462,https://i.etsystatic.com/54635272/r/il/1a39f6/8150993680/il_fullxfull.8150993680_u1rw.jpg
StitchBloomGarden,4528741516,"Funny Christmas Cross Stitch Pattern, You Ain't Gettin Shit Santa Needlepoint, Snarky Holiday Needlework, Instant Digital Download",https://www.etsy.com/listing/4528741516,https://i.etsystatic.com/54635272/r/il/09a7ca/8231852717/il_fullxfull.8231852717_dvro.jpg
StitchBloomGarden,4414194487,"Funny Black Cat Cross Stitch Pattern, Instant Download PDF",https://www.etsy.com/listing/4414194487,https://i.etsystatic.com/54635272/r/il/31b972/7882093336/il_fullxfull.7882093336_ptz0.jpg
StitchBloomGarden,4554574739,"Jesus Our Living Water Cross Stitch Pattern PDF, Christian Bible Needlepoint Chart, Instant Download",https://www.etsy.com/listing/4554574739,https://i.etsystatic.com/54635272/r/il/e38542/8372999274/il_fullxfull.8372999274_ohfk.jpg
StitchBloomGarden,4582319379,"Angel Wings Cross Stitch Pattern, Cross Heart Wings, Memorial Faith, Christian Needlepoint (PDF Download for Beginners)",https://www.etsy.com/listing/4582319379,https://i.etsystatic.com/54635272/r/il/dda33e/8576105738/il_fullxfull.8576105738_g2ke.jpg
StitchBloomGarden,4412981987,"Black Cat Sarcasm Cross Stitch Pattern, Funny Quote Embroidery (Instant Download)",https://www.etsy.com/listing/4412981987,https://i.etsystatic.com/54635272/r/il/853e35/8095933226/il_fullxfull.8095933226_9kwm.jpg
StitchBloomGarden,4408515104,"Jesus Christmas Tree Cross Stitch Pattern, Instant Digital Download",https://www.etsy.com/listing/4408515104,https://i.etsystatic.com/54635272/r/il/633fd9/8366136375/il_fullxfull.8366136375_jpzl.jpg
StitchBloomGarden,4533942067,"Acorn Cross Stitch Pattern, Autumn Needlepoint, Oak Tree Nut Digital Download PDF",https://www.etsy.com/listing/4533942067,https://i.etsystatic.com/54635272/r/il/42a621/8270281151/il_fullxfull.8270281151_i1cc.jpg
StitchBloomGarden,4549681637,"Broom Parking Cross Stitch Pattern, Witch Hat Halloween Needlepoint Chart (PDF Download)",https://www.etsy.com/listing/4549681637,https://i.etsystatic.com/54635272/r/il/b095a5/8385807327/il_fullxfull.8385807327_g0dr.jpg
StitchBloomGarden,4581056694,"Christmas Sampler Cross Stitch Pattern PDF, Ho Ho Ho Santa Snowman Needlepoint, Instant Download",https://www.etsy.com/listing/4581056694,https://i.etsystatic.com/54635272/r/il/47022e/8614796065/il_fullxfull.8614796065_qitr.jpg
StitchBloomGarden,4404163923,"Dumpster Fire Cross Stitch Pattern, Funny Quote Needlepoint, Stress Relief Art (Digital PDF Download)",https://www.etsy.com/listing/4404163923,https://i.etsystatic.com/54635272/r/il/106069/8241387808/il_fullxfull.8241387808_j9ia.jpg
StitchBloomGarden,4532034004,"God Says I Am Cross Stitch Pattern, Christian Affirmation Needlepoint, Bible Verse Sampler, Instant Download",https://www.etsy.com/listing/4532034004,https://i.etsystatic.com/54635272/r/il/649cef/8208007292/il_fullxfull.8208007292_fphd.jpg
StitchBloomGarden,4430007921,"This Meeting Could Have Been An Email Cross Stitch Pattern, Funny Office Embroidery (PDF)",https://www.etsy.com/listing/4430007921,https://i.etsystatic.com/54635272/r/il/a302d7/8136876967/il_fullxfull.8136876967_pq01.jpg
StitchBloomGarden,4461791001,"Frog Cross Stitch Pattern, I Have to Say Weird Stuff or I’ll Die Needlepoint Chart, Instant Download PDF",https://www.etsy.com/listing/4461791001,https://i.etsystatic.com/54635272/r/il/ec959d/7879628950/il_fullxfull.7879628950_d24r.jpg
StitchBloomGarden,4463262522,"Funny Black Cat Cross Stitch Pattern, Instant Download PDF",https://www.etsy.com/listing/4463262522,https://i.etsystatic.com/54635272/r/il/266e75/7887361360/il_fullxfull.7887361360_c63z.jpg
StitchBloomGarden,4541289157,"Black Cat Knife Cross Stitch Pattern PDF, Funny Murderous Cat Needlepoint Chart, Digital Download PDF",https://www.etsy.com/listing/4541289157,https://i.etsystatic.com/54635272/r/il/58e1c8/8326005461/il_fullxfull.8326005461_cyje.jpg
StitchBloomGarden,4567208140,"Floral Wheelbarrow Cross Stitch Pattern, Flowers Needlepoint Chart, Digital Download PDF",https://www.etsy.com/listing/4567208140,https://i.etsystatic.com/54635272/r/il/6b8a4e/8465580866/il_fullxfull.8465580866_rgcc.jpg
StitchBloomGarden,4579746387,"Christian Cross Stitch Pattern Bundle PDF | Jesus Cross Heartbeat God is Good Needlepoint | Minimalist Religious Faith Craft Download",https://www.etsy.com/listing/4579746387,https://i.etsystatic.com/54635272/r/il/cff8d1/8604745599/il_fullxfull.8604745599_j6p4.jpg
StitchBloomGarden,4520697180,"Wash Your Hands Cross Stitch Pattern, Funny Black Cat Needlepoint, Bathroom Humor Decor, Instant Download",https://www.etsy.com/listing/4520697180,https://i.etsystatic.com/54635272/r/il/1bd702/8175722915/il_fullxfull.8175722915_kojz.jpg
StitchBloomGarden,4551618031,"Cat Washing Machine Cross Stitch Pattern | Funny Laundry Room Needlepoint Chart (Digital Download)",https://www.etsy.com/listing/4551618031,https://i.etsystatic.com/54635272/r/il/10a709/8351712694/il_fullxfull.8351712694_s6kj.jpg
StitchBloomGarden,4375817459,"Ew, People Black Cat Cross Stitch Pattern, Instant Download PDF, Digital Download",https://www.etsy.com/listing/4375817459,https://i.etsystatic.com/54635272/r/il/109a02/8084420166/il_fullxfull.8084420166_1b6o.jpg
StitchBloomGarden,4487987085,"Coffee Cross Stitch Pattern, Motivation Loading Pattern, Work Needlepoint, Instant Download",https://www.etsy.com/listing/4487987085,https://i.etsystatic.com/54635272/r/il/65b0fb/7908311424/il_fullxfull.7908311424_c0yq.jpg
StitchBloomGarden,4473269230,"Goose Ok Cross Stitch Pattern, Funny Geese Needlepoint (PDF)",https://www.etsy.com/listing/4473269230,https://i.etsystatic.com/54635272/r/il/5f3c3d/7938755514/il_fullxfull.7938755514_owqr.jpg
StitchBloomGarden,4437738230,"Cat Bookmark Cross Stitch Pattern, You Pawsed Here Needlepoint, Instant Download",https://www.etsy.com/listing/4437738230,https://i.etsystatic.com/54635272/r/il/30073b/8026906351/il_fullxfull.8026906351_7nrv.jpg
StitchBloomGarden,4524975578,"Funny Frog Cross Stitch Pattern, First Of All Jesus Thinks I'm a Delight Needlepoint, Instant Download",https://www.etsy.com/listing/4524975578,https://i.etsystatic.com/54635272/r/il/cb923d/8158207588/il_fullxfull.8158207588_ozxy.jpg
StitchBloomGarden,4526746144,"Cross Stitch Is My Jam Cross Stitch Pattern, Strawberry Jar Needlepoint, Kitchen Decor Embroidery, Instant Download",https://www.etsy.com/listing/4526746144,https://i.etsystatic.com/54635272/r/il/3b9824/8169747728/il_fullxfull.8169747728_raek.jpg
StitchBloomGarden,4577588513,"Found Luke 15 Sheep Cross Stitch Pattern , Christian Needlework, Lamb Religious Needlepoint, Instant Download",https://www.etsy.com/listing/4577588513,https://i.etsystatic.com/54635272/r/il/78ad97/8588389097/il_fullxfull.8588389097_tpwk.jpg
StitchBloomGarden,4521219807,"God Is Good Cross Stitch Pattern, Christian Cross Stitch, Religious Needlepoint, Instant Download",https://www.etsy.com/listing/4521219807,https://i.etsystatic.com/54635272/r/il/15a3c6/8131589388/il_fullxfull.8131589388_3q8i.jpg
StitchBloomGarden,4414590881,"Jesus Cross Stitch Pattern, Christian Embroidery Design, Modern Religious Counted X Stitch, Digital Download",https://www.etsy.com/listing/4414590881,https://i.etsystatic.com/54635272/r/il/0af704/7950496084/il_fullxfull.7950496084_zup7.jpg
StitchBloomGarden,4496507201,"Black Cat The Scream Cross Stitch Pattern, Funny Cat Needlepoint, Instant Download",https://www.etsy.com/listing/4496507201,https://i.etsystatic.com/54635272/r/il/47b73f/7964035028/il_fullxfull.7964035028_9ew0.jpg
StitchBloomGarden,4538293484,"Fragile like a bomb Cross Stitch Pattern, Feminist Needlepoint, Snarky Embroidery (Instant Download)",https://www.etsy.com/listing/4538293484,https://i.etsystatic.com/54635272/r/il/0ccafa/8255222478/il_fullxfull.8255222478_in11.jpg
StitchBloomGarden,4555165800,"Living Water Waterfall Cross Stitch Pattern, Christian Mountain Landscape Needlepoint, Instant Download",https://www.etsy.com/listing/4555165800,https://i.etsystatic.com/54635272/r/il/86ef13/8425071553/il_fullxfull.8425071553_k0tp.jpg
StitchBloomGarden,4487088724,"You Do Not Fear Cross Stitch Pattern, Inspirational Quote Embroidery, Warrior Needlepoint, Instant Download",https://www.etsy.com/listing/4487088724,https://i.etsystatic.com/54635272/r/il/87241b/8415040828/il_fullxfull.8415040828_gpj7.jpg
StitchBloomGarden,4531500157,"Japan Landscape Cross Stitch Pattern: Mount Fuji, Torii Gate (PDF Download)",https://www.etsy.com/listing/4531500157,https://i.etsystatic.com/54635272/r/il/ebf4fb/8204100786/il_fullxfull.8204100786_nw4s.jpg
StitchBloomGarden,4458975840,"Retro Cassette Tape Cross Stitch Pattern | Funny 1900s Quote (PDF Pattern)",https://www.etsy.com/listing/4458975840,https://i.etsystatic.com/54635272/r/il/d3e6cc/7879702638/il_fullxfull.7879702638_evty.jpg
StitchBloomGarden,4573949187,"Kawaii Halloween Cross Stitch Pattern, 6 Mini Spooky Cute Ghost Bat Pumpkin Skull Motifs Needlepoint Chart, Instant Download",https://www.etsy.com/listing/4573949187,https://i.etsystatic.com/54635272/r/il/2fdbb9/8513636058/il_fullxfull.8513636058_78cw.jpg
StitchBloomGarden,4555780354,"Skull Safety Pin Cross Stitch Pattern, Gothic Punk Needlepoint Chart (Digital Download)",https://www.etsy.com/listing/4555780354,https://i.etsystatic.com/54635272/r/il/7deec2/8429545879/il_fullxfull.8429545879_onrk.jpg
StitchBloomGarden,4419993054,"Desert Cactus Cross Stitch Pattern, Retro Sunset Landscape Embroidery, Southwest Art, PDF Digital Download",https://www.etsy.com/listing/4419993054,https://i.etsystatic.com/54635272/r/il/9146f8/7892387905/il_fullxfull.7892387905_9xbj.jpg
StitchBloomGarden,4568970308,"Butterfly Wing Woman cross Stitch Pattern, Butterfly Girl Needlepoint, Digital Download PDF",https://www.etsy.com/listing/4568970308,https://i.etsystatic.com/54635272/r/il/9e2613/8476770492/il_fullxfull.8476770492_9r88.jpg
StitchBloomGarden,4471257610,"Ghost and Black Cat Cross Stitch Pattern | Spooky Needlework | Instant Download PDF",https://www.etsy.com/listing/4471257610,https://i.etsystatic.com/54635272/r/il/00cabe/7892376331/il_fullxfull.7892376331_6dwx.jpg
StitchBloomGarden,4532388455,"Black Cats and Autumn Leaves Cross Stitch Pattern, Fall Season Needlepoint, Halloween Embroidery, Instant Download",https://www.etsy.com/listing/4532388455,https://i.etsystatic.com/54635272/r/il/f91ab4/8210581008/il_fullxfull.8210581008_1l14.jpg
StitchBloomGarden,4479207035,"Jesus Is Waiting For You Cross Stitch Pattern | Christian Needlepoint | Instant Download",https://www.etsy.com/listing/4479207035,https://i.etsystatic.com/54635272/r/il/a380b8/7900806821/il_fullxfull.7900806821_k25v.jpg
StitchBloomGarden,4571663284,"Ghosted Everyone Staying In Cross Stitch Pattern, Introvert Ghost Cat Cozy Fall Needlepoint Chart, Halloween Stitching, Instant Download",https://www.etsy.com/listing/4571663284,https://i.etsystatic.com/54635272/r/il/5321cb/8544515293/il_fullxfull.8544515293_25xl.jpg
StitchBloomGarden,4344750392,"Jesus Cross Stitch Pattern, Crown of Thorns Christian Embroidery (PDF Download)",https://www.etsy.com/listing/4344750392,https://i.etsystatic.com/54635272/r/il/86ab64/8604774563/il_fullxfull.8604774563_7vlc.jpg
StitchBloomGarden,4571177733,"Witch Laundry Cross Stitch Pattern, Halloween Witch Hat Shoes Stockings Clothesline Needlepoint Chart (PDF Download)",https://www.etsy.com/listing/4571177733,https://i.etsystatic.com/54635272/r/il/351a37/8541110021/il_fullxfull.8541110021_8rhf.jpg
StitchBloomGarden,4570714075,"Skull Infested With Cats Cross Stitch Pattern PDF | Gothic Skull Tiny Kittens Black Canvas Needlepoint Chart (Instant Download)",https://www.etsy.com/listing/4570714075,https://i.etsystatic.com/54635272/r/il/29895c/8489474236/il_fullxfull.8489474236_n78i.jpg
StitchBloomGarden,4402089526,"Pew Pew Madafakas Black Cat Cross Stitch Pattern – Instant Digital Download",https://www.etsy.com/listing/4402089526,https://i.etsystatic.com/54635272/r/il/3c64e7/8190606225/il_fullxfull.8190606225_e2iv.jpg
StitchBloomGarden,4474562104,"Black Cat Cross Stitch Pattern | If It Fits, I Sits | Instant Download PDF",https://www.etsy.com/listing/4474562104,https://i.etsystatic.com/54635272/r/il/8fe4bb/7900872467/il_fullxfull.7900872467_exm1.jpg
StitchBloomGarden,4432513053,"God's Plan Cross Stitch Pattern, Christian Needlepoint, Instant Download PDF",https://www.etsy.com/listing/4432513053,https://i.etsystatic.com/54635272/r/il/d64241/8036454985/il_fullxfull.8036454985_99az.jpg
StitchBloomGarden,4509663671,"Ghost Reading Cross Stitch Pattern, Cute Spooky Reader Needlepoint, Instant Download",https://www.etsy.com/listing/4509663671,https://i.etsystatic.com/54635272/r/il/4dedc2/8049651672/il_fullxfull.8049651672_3rpn.jpg
StitchBloomGarden,4541737563,"Black Cat with Knife Cross Stitch Pattern, Dark Humor Needlepoint (PDF Download)",https://www.etsy.com/listing/4541737563,https://i.etsystatic.com/54635272/r/il/a82bf0/8329245123/il_fullxfull.8329245123_fxcq.jpg
StitchBloomGarden,4480054170,"Don't Test Me Cat Cross Stitch Pattern, Subversive Embroidery, Instant Download",https://www.etsy.com/listing/4480054170,https://i.etsystatic.com/54635272/r/il/b8812e/7906444465/il_fullxfull.7906444465_bgc1.jpg
StitchBloomGarden,4534974300,"Funny Frog Cross Stitch Pattern, Sassy Christian Embroidery (PDF Download)",https://www.etsy.com/listing/4534974300,https://i.etsystatic.com/54635272/r/il/fcc838/8229962860/il_fullxfull.8229962860_gb0j.jpg
StitchBloomGarden,4537009833,"Minimalist Christian Cross Stitch Pattern | The Way The Truth The Life, John 14:6 Bible Verse | Modern Religious Embroidery PDF Chart",https://www.etsy.com/listing/4537009833,https://i.etsystatic.com/54635272/r/il/d6b433/8293794589/il_fullxfull.8293794589_7omt.jpg
StitchBloomGarden,4547307422,"Low Social Battery Cross Stitch Pattern | Funny Introvert Needlepoint Chart (Digital Download)",https://www.etsy.com/listing/4547307422,https://i.etsystatic.com/54635272/r/il/5aa514/8368680099/il_fullxfull.8368680099_mn43.jpg
StitchBloomGarden,4462761622,"Funny Black Cat Cross Stitch Pattern, Sarcastic Quote Needlepoint (Instant Download)",https://www.etsy.com/listing/4462761622,https://i.etsystatic.com/54635272/r/il/4f8e24/7882127896/il_fullxfull.7882127896_33ii.jpg
StitchBloomGarden,4440428208,"Not Today Cross Stitch Pattern | Lazy Goose Needlepoint | Digital Download",https://www.etsy.com/listing/4440428208,https://i.etsystatic.com/54635272/r/il/16fdaa/8019137434/il_fullxfull.8019137434_9snt.jpg
StitchBloomGarden,4521313597,"Robber Geese Cross Stitch Pattern, Snarky Animal Embroidery, Funny Goose Needlepoint, Instant Download",https://www.etsy.com/listing/4521313597,https://i.etsystatic.com/54635272/r/il/4b5719/8132197496/il_fullxfull.8132197496_8lnx.jpg
StitchBloomGarden,4479628969,"Made In The Image Of God Cross Stitch Pattern, Instant Download PDF",https://www.etsy.com/listing/4479628969,https://i.etsystatic.com/54635272/r/il/b86d0a/7855668482/il_fullxfull.7855668482_76us.jpg
StitchBloomGarden,4535481730,"Frog Cross Stitch Pattern | Christian Religious Humor Needlepoint (Digital Download)",https://www.etsy.com/listing/4535481730,https://i.etsystatic.com/54635272/r/il/a8b4d1/8281831821/il_fullxfull.8281831821_23ny.jpg
StitchBloomGarden,4510929346,"Romans 8:18 Cross Stitch Pattern, Christian Bible Verse Needlepoint, Floral Scripture Embroidery, Instant Download",https://www.etsy.com/listing/4510929346,https://i.etsystatic.com/54635272/r/il/713237/8058549350/il_fullxfull.8058549350_io88.jpg
StitchBloomGarden,4410330073,"Tis The Season Tis The Reason Cross Stitch Pattern, Instant Digital Download",https://www.etsy.com/listing/4410330073,https://i.etsystatic.com/54635272/r/il/e22133/7913454139/il_fullxfull.7913454139_m03k.jpg
StitchBloomGarden,4562429703,"Funny Pigeon Cross Stitch Pattern, Bird Embroidery, Whimsical Pigeons Needlepoint, Instant Download",https://www.etsy.com/listing/4562429703,https://i.etsystatic.com/54635272/r/il/0c1c9a/8478325005/il_fullxfull.8478325005_4l9s.jpg
StitchBloomGarden,4541308032,"Peeking Ducklings Cross Stitch Pattern, Whimsical Farm Animal Design (Digital Download)",https://www.etsy.com/listing/4541308032,https://i.etsystatic.com/54635272/r/il/75393d/8278100920/il_fullxfull.8278100920_484y.jpg
StitchBloomGarden,4473707217,"Blue Whale Cross Stitch Pattern, Ocean Animal Embroidery, Instant Download",https://www.etsy.com/listing/4473707217,https://i.etsystatic.com/54635272/r/il/13071a/7897754289/il_fullxfull.7897754289_n67o.jpg
StitchBloomGarden,4528209023,"Everything is Figureoutable Motivation Cross Stitch Pattern, Sloth Needlepoint, Instant Download PDF",https://www.etsy.com/listing/4528209023,https://i.etsystatic.com/54635272/r/il/c78eae/8180096126/il_fullxfull.8180096126_pqpx.jpg
StitchBloomGarden,4436433714,"The Reader Tarot Card Cross Stitch Pattern PDF | Skeleton Reading Book | Instant Download",https://www.etsy.com/listing/4436433714,https://i.etsystatic.com/54635272/r/il/16a8a8/7958477089/il_fullxfull.7958477089_55k9.jpg
StitchBloomGarden,4524128128,"Coastal Lighthouse Cross Stitch Pattern, Nautical Ocean Landscape Embroidery, Seaside Cottage Counted Needlepoint, Instant Download PDF",https://www.etsy.com/listing/4524128128,https://i.etsystatic.com/54635272/r/il/db9d0c/8152340720/il_fullxfull.8152340720_lyh0.jpg
StitchBloomGarden,4500399548,"Cozy Orange Cat Cross Stitch Pattern, Living Room Scene Needlepoint, Instant Download",https://www.etsy.com/listing/4500399548,https://i.etsystatic.com/54635272/r/il/f69d61/7990220660/il_fullxfull.7990220660_lm11.jpg
StitchBloomGarden,4478753189,"He Has Risen Cross Stitch Pattern, Religious Christian Embroidery, Jesus Needlepoint, Instant Download PDF",https://www.etsy.com/listing/4478753189,https://i.etsystatic.com/54635272/r/il/8594f9/8403113364/il_fullxfull.8403113364_as4o.jpg
StitchBloomGarden,4415306692,"Jesus Stained Glass Cross Stitch Pattern, Christian Needlepoint, PDF Digital Download",https://www.etsy.com/listing/4415306692,https://i.etsystatic.com/54635272/r/il/084e60/7971157938/il_fullxfull.7971157938_avuz.jpg
StitchBloomGarden,4529389686,"Funny Raccoon Riding Alligator Cross Stitch Pattern, Funny Needlepoint, Instant Download PDF",https://www.etsy.com/listing/4529389686,https://i.etsystatic.com/54635272/r/il/c43ea1/8236595855/il_fullxfull.8236595855_kfc9.jpg
StitchBloomGarden,4481183272,"Jesus Portrait Cross Stitch Pattern, Christian Needlepoint, Christ Embroidery, Instant Download PDF",https://www.etsy.com/listing/4481183272,https://i.etsystatic.com/54635272/r/il/055fb3/7913807731/il_fullxfull.7913807731_52g9.jpg
StitchBloomGarden,4463423690,"Sunset Landscape Cross Stitch Pattern | Modern Minimal Embroidery PDF",https://www.etsy.com/listing/4463423690,https://i.etsystatic.com/54635272/r/il/62ab89/7919139178/il_fullxfull.7919139178_hfbk.jpg
StitchBloomGarden,4492258604,"Silly Goose Cowboy Cross Stitch Pattern, Western Farmhouse Decor (PDF)",https://www.etsy.com/listing/4492258604,https://i.etsystatic.com/54635272/r/il/13d03f/7984280975/il_fullxfull.7984280975_pw11.jpg
StitchBloomGarden,4467375130,"Lighthouse Cross Stitch Pattern, Modern Beach Sunset Needlepoint, Instant Download PDF",https://www.etsy.com/listing/4467375130,https://i.etsystatic.com/54635272/r/il/7f96f1/7853049548/il_fullxfull.7853049548_nebo.jpg
StitchBloomGarden,4557463595,"Coffee Will Be There For You Cross Stitch Pattern, Coffee Needlepoint Chart, Instant Download",https://www.etsy.com/listing/4557463595,https://i.etsystatic.com/54635272/r/il/792719/8442193393/il_fullxfull.8442193393_9lcg.jpg
StitchBloomGarden,4524624494,"Couch Club Ticket Cross Stitch Pattern, Vintage Ticket Needlepoint , Instant Download",https://www.etsy.com/listing/4524624494,https://i.etsystatic.com/54635272/r/il/130a48/8155709344/il_fullxfull.8155709344_s0d3.jpg
StitchBloomGarden,4550341105,"Together Forever Ducks Cross Stitch Pattern, Funny Diving Duck Butts Needlepoint Chart, Instant Download",https://www.etsy.com/listing/4550341105,https://i.etsystatic.com/54635272/r/il/137241/8390409667/il_fullxfull.8390409667_adfj.jpg
StitchBloomGarden,4523888504,"Cityscape Cross Stitch Pattern, City Landscape Needlepoint, PDF Digital Download",https://www.etsy.com/listing/4523888504,https://i.etsystatic.com/54635272/r/il/f08b02/8150560794/il_fullxfull.8150560794_eo5t.jpg
StitchBloomGarden,4552554426,"Witch Cat Broomstick Cross Stitch Pattern (PDF Download)",https://www.etsy.com/listing/4552554426,https://i.etsystatic.com/54635272/r/il/f457d7/8358250542/il_fullxfull.8358250542_89jn.jpg
StitchBloomGarden,4542429308,"Cross Stitch Pattern PDF, Funny Candle Quote Needlepoint Chart (Digital Download)",https://www.etsy.com/listing/4542429308,https://i.etsystatic.com/54635272/r/il/54932f/8334143901/il_fullxfull.8334143901_7de9.jpg
StitchBloomGarden,4414579106,"Heavenly Sky Cross Stitch Pattern, Christian Embroidery, Faith Counted X Stitch, PDF Digital Download",https://www.etsy.com/listing/4414579106,https://i.etsystatic.com/54635272/r/il/b3309e/7455174446/il_fullxfull.7455174446_76gp.jpg
StitchBloomGarden,4549550077,"Santa Ghost Cross Stitch Pattern, Creepmas Needlepoint Chart (Instant Download)",https://www.etsy.com/listing/4549550077,https://i.etsystatic.com/54635272/r/il/e6458d/8336869710/il_fullxfull.8336869710_oa5u.jpg
StitchBloomGarden,4548610748,"Salem Book Club Cross Stitch Pattern | Black Cats, Witchy Halloween Needlepoint (PDF Download)",https://www.etsy.com/listing/4548610748,https://i.etsystatic.com/54635272/r/il/a4d6b7/8377893667/il_fullxfull.8377893667_fhl0.jpg
StitchBloomGarden,4547233919,"Espresso Yourself Cat Cross Stitch Pattern | Funny Coffee Needlepoint Chart (PDF Download)",https://www.etsy.com/listing/4547233919,https://i.etsystatic.com/54635272/r/il/6ba784/8368199223/il_fullxfull.8368199223_scqi.jpg
StitchBloomGarden,4476790914,"Modern Mountain Cross Stitch Pattern, Landscape Embroidery, Instant Download PDF",https://www.etsy.com/listing/4476790914,https://i.etsystatic.com/54635272/r/il/d6bfc8/7848168032/il_fullxfull.7848168032_snh9.jpg
StitchBloomGarden,4537119753,"Funny Black Cat Creation of Adam Cross Stitch Pattern (Digital PDF Download)",https://www.etsy.com/listing/4537119753,https://i.etsystatic.com/54635272/r/il/b2bca6/8246708736/il_fullxfull.8246708736_9vym.jpg
StitchBloomGarden,4412701277,"Black Cat Cross Stitch Pattern, Live Fast Eat Trash, Instant Digital Download",https://www.etsy.com/listing/4412701277,https://i.etsystatic.com/54635272/r/il/e73a2e/8132958237/il_fullxfull.8132958237_a02d.jpg
StitchBloomGarden,4412684516,"Black Cat Cross Stitch Pattern, I am a Freakin Ray of Sunshine, Instant Digital Download",https://www.etsy.com/listing/4412684516,https://i.etsystatic.com/54635272/r/il/cb676f/8132951601/il_fullxfull.8132951601_14pg.jpg
StitchBloomGarden,4433608408,"Goose with Knife Cross Stitch Pattern | Funny Meme Embroidery (Digital Download)",https://www.etsy.com/listing/4433608408,https://i.etsystatic.com/54635272/r/il/e87e9a/7971609822/il_fullxfull.7971609822_b6nk.jpg
StitchBloomGarden,4545342789,"Skeleton Flame Cross Stitch Pattern, Thumbs Up Needlepoint Chart (Instant Download)",https://www.etsy.com/listing/4545342789,https://i.etsystatic.com/54635272/r/il/80d642/8354794957/il_fullxfull.8354794957_l4rb.jpg
StitchBloomGarden,4544414652,"Skeleton Hands Heart Cross Stitch Pattern, Spooky Halloween Needlepoint Chart (Instant Download)",https://www.etsy.com/listing/4544414652,https://i.etsystatic.com/54635272/r/il/38a0c8/8300344330/il_fullxfull.8300344330_cn9z.jpg
StitchBloomGarden,4343043824,"Lamb Cross Stitch Pattern Peaceful Meadow, Christian Easter (PDF Digital Download",https://www.etsy.com/listing/4343043824,https://i.etsystatic.com/54635272/r/il/592fa6/7109634313/il_fullxfull.7109634313_rv56.jpg
StitchBloomGarden,4430087586,"Duck You Cross Stitch Pattern, Funny Goose Geese Needlepoint, Instant Download PDF",https://www.etsy.com/listing/4430087586,https://i.etsystatic.com/54635272/r/il/326dd9/8212021048/il_fullxfull.8212021048_10hc.jpg
StitchBloomGarden,4346441235,"Jesus Holding Lamb Cross Stitch Pattern, Minimalist Religious Needlepoint (Digital Download)",https://www.etsy.com/listing/4346441235,https://i.etsystatic.com/54635272/r/il/57e3b9/8028790919/il_fullxfull.8028790919_qbxv.jpg
StitchBloomGarden,4344183892,"Jesus with Lambs Cross Stitch Pattern Christian Religious Embroidery (PDF Digital Download)",https://www.etsy.com/listing/4344183892,https://i.etsystatic.com/54635272/r/il/74e545/7068121766/il_fullxfull.7068121766_fv9g.jpg
StitchBloomGarden,4527217215,"Faith Can Move Mountains Cross Stitch Pattern, Christian Needlework, Religious Needlepoint, Instant Download",https://www.etsy.com/listing/4527217215,https://i.etsystatic.com/54635272/r/il/3bc4c3/8173003024/il_fullxfull.8173003024_52l7.jpg
StitchBloomGarden,4441433076,"Goose Bumps Cross Stitch Pattern | Funny Geese Embroidery | Instant Digital Download",https://www.etsy.com/listing/4441433076,https://i.etsystatic.com/54635272/r/il/67ae04/8032860063/il_fullxfull.8032860063_7qll.jpg
StitchBloomGarden,4538095324,"Christian Cross Stitch Pattern, My Life is a Garden Quote Needlepoint, Religious Embroidery, Instant Download",https://www.etsy.com/listing/4538095324,https://i.etsystatic.com/54635272/r/il/66ca76/8253646466/il_fullxfull.8253646466_cb1b.jpg
StitchBloomGarden,4412969636,"Black Cat Sarcasm Cross Stitch Pattern, Funny Quote Embroidery (Instant Download)",https://www.etsy.com/listing/4412969636,https://i.etsystatic.com/54635272/r/il/8a2e62/8095929810/il_fullxfull.8095929810_4zum.jpg
StitchBloomGarden,4537713185,"Beleaf In Yourself Cross Stitch Pattern | Kawaii Leaf Plant Pun Needlepoint (PDF Download)",https://www.etsy.com/listing/4537713185,https://i.etsystatic.com/54635272/r/il/c1835b/8298992297/il_fullxfull.8298992297_s0jz.jpg
StitchBloomGarden,4471251225,"Black Cat and Ghost Cross Stitch Pattern | Spooky Needlework | Instant Download PDF",https://www.etsy.com/listing/4471251225,https://i.etsystatic.com/54635272/r/il/8df9cc/7844420610/il_fullxfull.7844420610_g9vq.jpg
StitchBloomGarden,4444668527,"Match Cross Stitch Pattern, Romantic Valentine's Embroidery (PDF Pattern",https://www.etsy.com/listing/4444668527,https://i.etsystatic.com/54635272/r/il/49ef03/8194661803/il_fullxfull.8194661803_9iar.jpg
StitchBloomGarden,4536491151,"Vampire Cat Cross Stitch Pattern, Spooky Bat Cat, Halloween Gothic Decor (PDF Download)",https://www.etsy.com/listing/4536491151,https://i.etsystatic.com/54635272/r/il/592b68/8241864190/il_fullxfull.8241864190_jh0g.jpg
StitchBloomGarden,4535559379,"Autumn Landscape Cross Stitch Pattern, Fall Forest Path Embroidery, Nature Needlepoint PDF Download",https://www.etsy.com/listing/4535559379,https://i.etsystatic.com/54635272/r/il/d89bb6/8282622041/il_fullxfull.8282622041_ogn2.jpg
StitchBloomGarden,4432400489,"Raccoon Cross Stitch Pattern, Grilled Cheese Destroyer Embroidery (PDF Pattern)",https://www.etsy.com/listing/4432400489,https://i.etsystatic.com/54635272/r/il/3ac2fa/7549138436/il_fullxfull.7549138436_cmdc.jpg
StitchBloomGarden,4455934217,"Packed With Love Sardines Cross Stitch Pattern | Valentine Pattern",https://www.etsy.com/listing/4455934217,https://i.etsystatic.com/54635272/r/il/de3261/7900956923/il_fullxfull.7900956923_p07r.jpg
StitchBloomGarden,4472855816,"Funny Black Cat Cross Stitch Pattern, Sarcastic Meme Embroidery (Digital Download)",https://www.etsy.com/listing/4472855816,https://i.etsystatic.com/54635272/r/il/8db99a/7892378659/il_fullxfull.7892378659_6tt7.jpg
StitchBloomGarden,4467063126,"Anti Drama Spray Cross Stitch Pattern, Funny Sarcastic Embroidery PDF, Instant Download",https://www.etsy.com/listing/4467063126,https://i.etsystatic.com/54635272/r/il/33f09f/8083334007/il_fullxfull.8083334007_kruz.jpg
StitchBloomGarden,4439835549,"Til We're Ghosts Cross Stitch Pattern, Boo Needlepoint, Halloween Embroidery (PDF Pattern)",https://www.etsy.com/listing/4439835549,https://i.etsystatic.com/54635272/r/il/a0f9b4/8433653900/il_fullxfull.8433653900_p6ae.jpg
StitchBloomGarden,4495576656,"Cherry Blossom Cottage Cross Stitch Pattern, Spring Landscape Needlepoint, Floral Embroidery, Instant Download",https://www.etsy.com/listing/4495576656,https://i.etsystatic.com/54635272/r/il/60e4fa/7957970360/il_fullxfull.7957970360_4xuo.jpg
StitchBloomGarden,4476246735,"Black Cat Peeking Cross Stitch Pattern | Funny Pet Embroidery | Instant Download PDF",https://www.etsy.com/listing/4476246735,https://i.etsystatic.com/54635272/r/il/f4b5f6/8190524268/il_fullxfull.8190524268_fqn4.jpg
StitchBloomGarden,4456685582,"You Are Brewtiful Cross Stitch Pattern, Coffee Needlepoint, Love Embroidery, Instant Download",https://www.etsy.com/listing/4456685582,https://i.etsystatic.com/54635272/r/il/b0f71a/8136777947/il_fullxfull.8136777947_bin8.jpg
StitchBloomGarden,4443504241,"Desert Landscape Cross Stitch Pattern | Nature Embroidery | PDF Digital Download",https://www.etsy.com/listing/4443504241,https://i.etsystatic.com/54635272/r/il/7005f3/7892384029/il_fullxfull.7892384029_ndpl.jpg
StitchBloomGarden,4412983533,"Funny Sarcasm Black Cat Cross Stitch Pattern, Is stupidity your hobby, Instant Dowload PDF",https://www.etsy.com/listing/4412983533,https://i.etsystatic.com/54635272/r/il/4d5036/8095927722/il_fullxfull.8095927722_rjid.jpg
StitchBloomGarden,4523344249,"Bee Different Cross Stitch Pattern, Motivational Needlepoint, Instant Download",https://www.etsy.com/listing/4523344249,https://i.etsystatic.com/54635272/r/il/5c16a4/8194666107/il_fullxfull.8194666107_9owe.jpg
StitchBloomGarden,4506454040,"Goose with Blue Bow Cross Stitch Pattern, Goose in Straw Hat Needlepoint, Instant Download",https://www.etsy.com/listing/4506454040,https://i.etsystatic.com/54635272/r/il/bc0eb7/8028321192/il_fullxfull.8028321192_qjwl.jpg
StitchBloomGarden,4434343070,"Highland Cow Cross Stitch Pattern, Farmhouse Decor (Instant Download)",https://www.etsy.com/listing/4434343070,https://i.etsystatic.com/54635272/r/il/31a8b6/8026798093/il_fullxfull.8026798093_anac.jpg
StitchBloomGarden,4460245683,"Black Cat Cross Stitch Pattern, Motivational Needlepoint, Instant Download PDF",https://www.etsy.com/listing/4460245683,https://i.etsystatic.com/54635272/r/il/66e3d4/7971343256/il_fullxfull.7971343256_gxv6.jpg